{
  "hash": "b0d23ff1",
  "configHash": "4fe5e6d4",
  "lockfileHash": "fbbf5c56",
  "browserHash": "025cb660",
  "optimized": {
    "@angular/common": {
      "src": "../../../../../node_modules/@angular/common/fesm2022/common.mjs",
      "file": "@angular_common.js",
      "fileHash": "e7de0b0f",
      "needsInterop": false
    },
    "@angular/common/http": {
      "src": "../../../../../node_modules/@angular/common/fesm2022/http.mjs",
      "file": "@angular_common_http.js",
      "fileHash": "3f9d5e7d",
      "needsInterop": false
    },
    "@angular/core": {
      "src": "../../../../../node_modules/@angular/core/fesm2022/core.mjs",
      "file": "@angular_core.js",
      "fileHash": "81153c1f",
      "needsInterop": false
    },
    "@angular/forms": {
      "src": "../../../../../node_modules/@angular/forms/fesm2022/forms.mjs",
      "file": "@angular_forms.js",
      "fileHash": "0a6502c1",
      "needsInterop": false
    },
    "@angular/platform-browser": {
      "src": "../../../../../node_modules/@angular/platform-browser/fesm2022/platform-browser.mjs",
      "file": "@angular_platform-browser.js",
      "fileHash": "65747f18",
      "needsInterop": false
    },
    "@angular/router": {
      "src": "../../../../../node_modules/@angular/router/fesm2022/router.mjs",
      "file": "@angular_router.js",
      "fileHash": "1579fa5f",
      "needsInterop": false
    },
    "rxjs": {
      "src": "../../../../../node_modules/rxjs/dist/esm5/index.js",
      "file": "rxjs.js",
      "fileHash": "b1041f1c",
      "needsInterop": false
    }
  },
  "chunks": {
    "chunk-YLGS6HJF": {
      "file": "chunk-YLGS6HJF.js"
    },
    "chunk-H6EDEKS7": {
      "file": "chunk-H6EDEKS7.js"
    },
    "chunk-GJS5VH6J": {
      "file": "chunk-GJS5VH6J.js"
    },
    "chunk-XXUFWVR4": {
      "file": "chunk-XXUFWVR4.js"
    },
    "chunk-2CVCC5YH": {
      "file": "chunk-2CVCC5YH.js"
    }
  }
}